term,definition,link,introduced_by_card_id
Project manager,"The person who keeps a project's scope, time, cost, risk, and people all pointed in the same direction, so the team actually ships instead of drifting.",https://en.wikipedia.org/wiki/Project_manager,1
Program,"A group of related projects that get managed together on purpose, because coordinating them as one unit delivers more value than running each one in isolation.",https://en.wikipedia.org/wiki/Program_management,7
Product,"Something that keeps being built and improved indefinitely, like an app or service — unlike a project, a product never has a defined end date.",https://en.wikipedia.org/wiki/Product_(business),6
Iron triangle,"The idea that a project's scope, time, and cost are all linked — push on one (like cutting the deadline) and it usually forces a tradeoff on one of the other two.",https://en.wikipedia.org/wiki/Project_management_triangle,12
Stakeholder mapping,"Identifying everyone with a real stake in a project's outcome, not just the obvious names like the CEO or the developers, so you know who to plan around before work starts.",https://en.wikipedia.org/wiki/Stakeholder_analysis,16
Project charter,"A short document written before real work begins that states a project's purpose, goals, and boundaries, so everyone starts from the same shared understanding of what it's for.",https://en.wikipedia.org/wiki/Project_charter,21
Waterfall,"A project approach that moves through fixed phases in strict order, like planning then building then testing — it works well when requirements are stable, but struggles once things change late.",https://en.wikipedia.org/wiki/Waterfall_model,26
Agile,"A mindset, not one fixed process, that values responding to change and shipping working software over sticking rigidly to an upfront plan or heavy documentation.",https://en.wikipedia.org/wiki/Agile_software_development,31
Scrum,"A specific Agile framework built around fixed-length sprints, defined roles like the Product Owner, and recurring ceremonies like sprint planning and the daily standup.",https://en.wikipedia.org/wiki/Scrum_(software_development),37
Product Owner,"The Scrum role responsible for owning and prioritizing the product backlog, deciding what the team should build next based on what matters most.",https://en.wikipedia.org/wiki/Scrum_(software_development),36
Scrum Master,"The Scrum role that helps a team follow the process smoothly, removing blockers and facilitating ceremonies, rather than assigning tasks or approving the actual work.",https://en.wikipedia.org/wiki/Scrum_(software_development),37
Sprint,"A short, fixed-length stretch of time, commonly one to four weeks, during which a Scrum team commits to a set chunk of work, then reviews and reflects before starting the next one.",https://en.wikipedia.org/wiki/Scrum_(software_development),37
Sprint planning,"The meeting held before each sprint begins where the team decides what work to commit to, based on priority and how much capacity the team actually has.",https://en.wikipedia.org/wiki/Scrum_(software_development),37
Sprint Review,The meeting at the end of a sprint where the team shows the work they finished to stakeholders and gathers feedback on it.,https://en.wikipedia.org/wiki/Scrum_(software_development),189
Kanban,"A way of managing work that visualizes tasks flowing through columns on a board and limits how much can be in progress at once, so nothing gets overloaded.",https://en.wikipedia.org/wiki/Kanban_(development),46
Work in progress,"The tasks a team is actively working on right now, as opposed to what's still waiting in the backlog or already finished — often shortened to WIP.",https://en.wikipedia.org/wiki/Work_in_process,46
Scrumban,"A hybrid approach that blends Scrum's structure, like fixed roles and planning, with Kanban's continuous flow, often using a flexible board with a limited amount of work in progress.",https://en.wikipedia.org/wiki/Scrumban,51
Work breakdown structure,"Splitting one big project into smaller, more manageable pieces, then breaking each piece down further until it's small enough to estimate and assign to someone with confidence.",https://en.wikipedia.org/wiki/Work_breakdown_structure,61
Story points,"A number a team assigns to a task to size its relative effort compared to other tasks — unlike a time estimate, story points don't try to pin down exact hours or days.",https://en.wikipedia.org/wiki/Story_point,66
Planning poker,"A team estimation technique where everyone privately picks a story-point guess, then reveals it at the same time, so no one's guess anchors or sways everyone else's.",https://en.wikipedia.org/wiki/Planning_poker,71
Critical path,"The longest chain of dependent tasks in a project — since each task waits on the one before it, if any task on this chain slips, the whole project's timeline slips too.",https://en.wikipedia.org/wiki/Critical_path_method,76
Buffer,"Extra time deliberately added on top of an estimate to absorb surprises, since estimates are never perfectly accurate — e.g. padding a task you think takes 2 weeks to 2.5 weeks so one bad day doesn't blow the deadline.",https://en.wikipedia.org/wiki/Critical_chain_project_management,81
Slack,"Spare room in a schedule that lets it absorb a delay without pushing back the whole project — used almost interchangeably with buffer in everyday PM talk, though formally it refers to how much a specific task can slip before it starts delaying other work.",https://en.wikipedia.org/wiki/Float_(project_management),81
Burndown chart,"A chart that tracks how much work is left to do in a sprint or project over time, so the team can see whether they're on pace to finish.",https://en.wikipedia.org/wiki/Burn_down_chart,86
Burnup chart,"A chart that tracks how much work has already been completed over time, and can also show scope that got added along the way — unlike a burndown chart, which tracks what's left.",https://en.wikipedia.org/wiki/Burn_down_chart,87
Velocity,"How much work a team typically completes in one sprint, used to forecast that same team's future sprints — it's not meant for comparing different teams against each other.",https://en.wikipedia.org/wiki/Velocity_(software_development),91
Scope creep,"When a project's scope quietly grows beyond what was originally approved, usually in small, easy-to-miss pieces — catching it early keeps it from spiraling.",https://en.wikipedia.org/wiki/Scope_creep,96
Daily standup,"A short daily meeting where each person shares what they did yesterday, what they'll do today, and what's blocking them — it's for the team, not a status report to a boss.",https://en.wikipedia.org/wiki/Stand-up_meeting,37
Backlog,"The full list of work a team could do, ordered by priority, that hasn't been started yet — sprint planning pulls from the top of it.",https://en.wikipedia.org/wiki/Product_backlog,37
Backlog grooming,"Regularly reviewing and reordering the backlog, refining vague items and dropping ones that no longer matter, so it's always ready to plan from instead of stale.",https://en.wikipedia.org/wiki/Product_backlog,106
Risk management,"Spotting potential problems early and acting on them before they happen, rather than waiting until they've already gone wrong and your options have narrowed.",https://en.wikipedia.org/wiki/Risk_management,111
Mitigation,"Taking action to reduce or handle a risk once it's been spotted, instead of just noting it down and hoping it doesn't happen.",https://en.wikipedia.org/wiki/Risk_management,112
Technical debt,"Shortcuts or quick fixes taken in the code now that will cost extra effort to clean up later — a real, trackable risk to the whole team's plan, not just an engineering complaint.",https://en.wikipedia.org/wiki/Technical_debt,116
Definition of done,"An explicit, team-wide agreed checklist, like passing all its tests, that a piece of work has to satisfy before it actually counts as finished — not just one person's private opinion. Commonly shortened to DoD.",https://en.wikipedia.org/wiki/Scrum_(software_development),121
Quality gate,"A checkpoint that work must pass, like passing its tests, before it's allowed to move forward to the next stage of the project.",https://en.wikipedia.org/wiki/Quality_gate,126
Retrospective,"A recurring meeting where a team honestly reflects on what to keep doing and what to change, aimed at real improvement, not at assigning blame.",https://en.wikipedia.org/wiki/Retrospective,189
Leading without authority,"Getting a team to actually follow your direction when you have no formal power over them — you can't hire, fire, or set anyone's pay or promotion, which is normal for a software PM. It works by earning trust through consistency, setting goals people genuinely buy into, and communicating clearly, instead of by giving orders.",https://en.wikipedia.org/wiki/Leadership,131
Status report,"A short update, usually for executives, that leads with the headline, like a key risk, instead of drowning the reader in every last detail.",https://en.wikipedia.org/wiki/Progress_report,102
Change request,"A formal ask to modify a project's scope mid-project, weighed deliberately instead of quietly folded in — skipping this process is exactly how scope creep happens.",https://en.wikipedia.org/wiki/Change_request,161
Postmortem,"An honest review, done after a project ends, of what actually happened, including failures, so the next project can go better.",https://en.wikipedia.org/wiki/Postmortem_documentation,166
Async,"Short for asynchronous — communicating, like written updates instead of live meetings, without everyone needing to be online at the same moment, which matters a lot for teams spread across time zones.",https://en.wikipedia.org/wiki/Asynchronous_communication,141
WBS,Work breakdown structure: a project split into smaller and smaller pieces of work until each can be estimated and assigned.,https://en.wikipedia.org/wiki/Work_breakdown_structure,
WIP,Work in progress: the tasks that have been started but are not yet finished.,https://en.wikipedia.org/wiki/Kanban,
DoD,Definition of done: the checklist a piece of work must satisfy before the team calls it finished.,https://en.wikipedia.org/wiki/Scrum_(software_development),
